variable,true_index,true_rank,sobol_toi,rank_sobol_toi,rf_pvi,rank_rf_pvi
P1,0.40402834293680157,1,0.45392765265924173,1,0.47830520586243735,1
P2,0.359200162639404,2,0.40449536765635263,2,0.41226199719755724,2
P3,0.2841518016258825,3,0.37783375862750757,3,0.34611957053041076,3
P4,0.1969068987812618,4,0.2659703924485727,4,0.19170751478939158,4
P5,0.12431641321132357,5,0.23768633545314277,5,0.08892045647775655,5
P6,0.03298190554586136,6,0.16295819339146245,6,0.024849097869399022,6
P7,0.0021015778566283567,7,0.14290517697210303,7,0.013171133727750221,7
P8,6.505044967586564e-05,8,0.13641281441420539,8,0.01201345412037964,8
